<annotation>
	<folder>green_apple</folder>
	<filename>image_16.jpg</filename>
	<path>/Users/zhangxinyu/Desktop/apple_rec/test/green_apple/image_16.jpg</path>
	<source>
		<database>Unknown</database>
	</source>
	<size>
		<width>162</width>
		<height>134</height>
		<depth>3</depth>
	</size>
	<segmented>0</segmented>
	<object>
		<name>green_apple</name>
		<pose>Unspecified</pose>
		<truncated>0</truncated>
		<difficult>0</difficult>
		<bndbox>
			<xmin>7</xmin>
			<ymin>9</ymin>
			<xmax>86</xmax>
			<ymax>48</ymax>
		</bndbox>
	</object>
	<object>
		<name>green_apple</name>
		<pose>Unspecified</pose>
		<truncated>0</truncated>
		<difficult>0</difficult>
		<bndbox>
			<xmin>87</xmin>
			<ymin>26</ymin>
			<xmax>151</xmax>
			<ymax>105</ymax>
		</bndbox>
	</object>
	<object>
		<name>green_apple</name>
		<pose>Unspecified</pose>
		<truncated>0</truncated>
		<difficult>0</difficult>
		<bndbox>
			<xmin>6</xmin>
			<ymin>40</ymin>
			<xmax>86</xmax>
			<ymax>115</ymax>
		</bndbox>
	</object>
</annotation>
